{"cameraMode":{"drawMode":0,"name":"Shaded","section":"Shading Mode"},"sceneLighting":false,"audioPlay":false,"sceneViewState":{"m_AlwaysRefresh":false,"showFog":true,"showSkybox":false,"showFlares":true,"showImageEffects":true,"showParticleSystems":true,"showVisualEffectGraphs":true,"m_FxEnabled":true},"in2DMode":false,"pivot":{"x":-14.608036041259766,"y":14.897863388061524,"z":-25.011079788208009},"rotation":{"x":-0.06467622518539429,"y":-0.7168102860450745,"z":0.06706801056861878,"w":-0.6910173296928406},"size":0.8077754974365234,"orthographic":false}