{"cameraMode":{"drawMode":0,"name":"Shaded","section":"Shading Mode"},"sceneLighting":false,"audioPlay":false,"sceneViewState":{"m_AlwaysRefresh":false,"showFog":true,"showSkybox":false,"showFlares":true,"showImageEffects":true,"showParticleSystems":true,"showVisualEffectGraphs":true,"m_FxEnabled":true},"in2DMode":false,"pivot":{"x":-0.06355337798595429,"y":-2.19892954826355,"z":2.8233354091644289},"rotation":{"x":0.12893512845039369,"y":-0.016052044928073884,"z":0.0021062265150249006,"w":0.9915413856506348},"size":2.6433284282684328,"orthographic":false}