{"cameraMode":{"drawMode":0,"name":"Shaded","section":"Shading Mode"},"sceneLighting":true,"audioPlay":false,"sceneViewState":{"m_AlwaysRefresh":false,"showFog":true,"showSkybox":true,"showFlares":true,"showImageEffects":true,"showParticleSystems":true,"showVisualEffectGraphs":true,"m_FxEnabled":true},"in2DMode":false,"pivot":{"x":15.360588073730469,"y":-30.39324188232422,"z":0.7508773803710938},"rotation":{"x":-0.33018144965171816,"y":-0.3370874524116516,"z":0.12757498025894166,"w":-0.8724135160446167},"size":39.138572692871097,"orthographic":false}