{"cameraMode":{"drawMode":0,"name":"Shaded","section":"Shading Mode"},"sceneLighting":true,"audioPlay":false,"sceneViewState":{"m_AlwaysRefresh":false,"showFog":true,"showSkybox":true,"showFlares":true,"showImageEffects":true,"showParticleSystems":true,"showVisualEffectGraphs":true,"m_FxEnabled":true},"in2DMode":false,"pivot":{"x":-7.349230766296387,"y":-11.824305534362793,"z":14.87482738494873},"rotation":{"x":0.1699163317680359,"y":0.08003664016723633,"z":-0.013832014985382557,"w":0.9821315407752991},"size":24.513879776000978,"orthographic":false}