{"cameraMode":{"drawMode":0,"name":"Shaded","section":"Shading Mode"},"sceneLighting":true,"audioPlay":false,"sceneViewState":{"m_AlwaysRefresh":false,"showFog":true,"showSkybox":true,"showFlares":true,"showImageEffects":true,"showParticleSystems":true,"showVisualEffectGraphs":true,"m_FxEnabled":true},"in2DMode":false,"pivot":{"x":-16.858118057250978,"y":0.4858589768409729,"z":-21.876916885375978},"rotation":{"x":0.10212726145982743,"y":0.006275583989918232,"z":-0.0006440317374654114,"w":0.9947605133056641},"size":10.737299919128418,"orthographic":false}