{"cameraMode":{"drawMode":0,"name":"Shaded","section":"Shading Mode"},"sceneLighting":true,"audioPlay":false,"sceneViewState":{"m_AlwaysRefresh":false,"showFog":true,"showSkybox":true,"showFlares":true,"showImageEffects":true,"showParticleSystems":true,"showVisualEffectGraphs":true,"m_FxEnabled":true},"in2DMode":false,"pivot":{"x":462.8239440917969,"y":241.7156524658203,"z":-505.4293518066406},"rotation":{"x":0.04017885401844978,"y":0.005093441344797611,"z":0.00020499518723227084,"w":-0.9991816282272339},"size":33.81378936767578,"orthographic":false}