{"cameraMode":{"drawMode":0,"name":"Shaded","section":"Shading Mode"},"sceneLighting":true,"audioPlay":false,"sceneViewState":{"m_AlwaysRefresh":false,"showFog":true,"showSkybox":true,"showFlares":true,"showImageEffects":true,"showParticleSystems":true,"showVisualEffectGraphs":true,"m_FxEnabled":true},"in2DMode":false,"pivot":{"x":640.6602783203125,"y":500.7730712890625,"z":6.3302154541015629},"rotation":{"x":0.14654415845870973,"y":-0.055737193673849109,"z":0.008282803930342198,"w":0.9876188635826111},"size":103.07764434814453,"orthographic":false}