{"cameraMode":{"drawMode":0,"name":"Shaded","section":"Shading Mode"},"sceneLighting":true,"audioPlay":false,"sceneViewState":{"m_AlwaysRefresh":false,"showFog":true,"showSkybox":true,"showFlares":true,"showImageEffects":true,"showParticleSystems":true,"showVisualEffectGraphs":true,"m_FxEnabled":true},"in2DMode":false,"pivot":{"x":5.246003150939941,"y":2.607935905456543,"z":-21.816282272338868},"rotation":{"x":-0.27699872851371767,"y":-0.23560316860675813,"z":0.07025834172964096,"w":-0.9288853406906128},"size":11.296585083007813,"orthographic":false}