{"cameraMode":{"drawMode":0,"name":"Shaded","section":"Shading Mode"},"sceneLighting":true,"audioPlay":false,"sceneViewState":{"m_AlwaysRefresh":false,"showFog":true,"showSkybox":true,"showFlares":true,"showImageEffects":true,"showParticleSystems":true,"showVisualEffectGraphs":true,"m_FxEnabled":true},"in2DMode":false,"pivot":{"x":376.60430908203127,"y":259.9977722167969,"z":-9.68878173828125},"rotation":{"x":0.05188915506005287,"y":0.10346055030822754,"z":0.005403436254709959,"w":-0.9932783842086792},"size":313.34686279296877,"orthographic":false}