{"cameraMode":{"drawMode":0,"name":"Shaded","section":"Shading Mode"},"sceneLighting":true,"audioPlay":false,"sceneViewState":{"m_AlwaysRefresh":false,"showFog":true,"showSkybox":true,"showFlares":true,"showImageEffects":true,"showParticleSystems":true,"showVisualEffectGraphs":true,"m_FxEnabled":true},"in2DMode":false,"pivot":{"x":1259.8018798828125,"y":482.2845153808594,"z":1077.3480224609375},"rotation":{"x":-0.07523852586746216,"y":-0.0023957823868840935,"z":0.00018075847765430808,"w":-0.9971635341644287},"size":982.8106689453125,"orthographic":false}