{"cameraMode":{"drawMode":0,"name":"Shaded","section":"Shading Mode"},"sceneLighting":true,"audioPlay":false,"sceneViewState":{"m_AlwaysRefresh":false,"showFog":true,"showSkybox":true,"showFlares":true,"showImageEffects":true,"showParticleSystems":true,"showVisualEffectGraphs":true,"m_FxEnabled":true},"in2DMode":false,"pivot":{"x":-37.12677001953125,"y":11.645008087158204,"z":-31.18271255493164},"rotation":{"x":-0.25601667165756228,"y":-0.12944933772087098,"z":0.034618016332387927,"w":-0.9573407769203186},"size":6.243867874145508,"orthographic":false}