{"cameraMode":{"drawMode":0,"name":"Shaded","section":"Shading Mode"},"sceneLighting":false,"audioPlay":false,"sceneViewState":{"m_AlwaysRefresh":false,"showFog":true,"showSkybox":false,"showFlares":true,"showImageEffects":true,"showParticleSystems":true,"showVisualEffectGraphs":true,"m_FxEnabled":true},"in2DMode":false,"pivot":{"x":-0.5363591909408569,"y":-1.8167953491210938,"z":4.640926837921143},"rotation":{"x":0.10061810910701752,"y":0.021201327443122865,"z":-0.0021363762207329275,"w":0.9947121143341065},"size":2.664679527282715,"orthographic":false}